n seed genes,n genes,pvalue,ratio
8,31,0.0004265047554150043,0.25806451612903225
