n seed genes,n genes,pvalue,ratio
2,14,0.024785668184387412,0.14285714285714285
